product_name,product_link,image_url,category
Chicken Muffin,https://www.mcdonalds.co.id/menu/chicken-muffin,https://d2vuyvo9qdtgo9.cloudfront.net/foods/October2023/UGxWzYmlGDLUpzhrhaBT.webp,Sarapan Pagi
Sausage McMuffin,https://www.mcdonalds.co.id/menu/sausage-mcmuffin,https://d2vuyvo9qdtgo9.cloudfront.net/foods/October2023/e4uy88JKbOpcdoJ3EXJO.webp,Sarapan Pagi
Egg McMuffin,https://www.mcdonalds.co.id/menu/egg-mcmuffin,https://d2vuyvo9qdtgo9.cloudfront.net/foods/October2023/PYlJyb4lmSQcFsXktwmC.webp,Sarapan Pagi
Chicken Muffin with Egg,https://www.mcdonalds.co.id/menu/chicken-muffin-with-egg,https://d2vuyvo9qdtgo9.cloudfront.net/foods/October2023/ILs2kh4ej7YjJzIfsf2d.webp,Sarapan Pagi
Sausage McMuffin with Egg,https://www.mcdonalds.co.id/menu/sausage-mcmuffin-with-egg,https://d2vuyvo9qdtgo9.cloudfront.net/foods/October2023/9hn3Gu6SwCg8TNBMaXFr.webp,Sarapan Pagi
Sausage Wrap,https://www.mcdonalds.co.id/menu/sausage-wrap,https://d2vuyvo9qdtgo9.cloudfront.net/foods/October2023/l47DeJBbY77Th47JfIAn.webp,Sarapan Pagi
Big Breakfast,https://www.mcdonalds.co.id/menu/big-breakfast,https://d2vuyvo9qdtgo9.cloudfront.net/foods/November2023/moYXCc5o7XBlsQhLAoxr.webp,Sarapan Pagi
Breakfast Wrap,https://www.mcdonalds.co.id/menu/breakfast-wrap,https://d2vuyvo9qdtgo9.cloudfront.net/foods/October2023/tq8zKUFnTgzGofSWc0jC.webp,Sarapan Pagi
Hotcakes 3 pcs,https://www.mcdonalds.co.id/menu/hotcakes-3-pcs,https://d2vuyvo9qdtgo9.cloudfront.net/foods/October2023/JpZhd7fyCdfzw5ahH1m4.webp,Sarapan Pagi
Hotcakes 2 pcs,https://www.mcdonalds.co.id/menu/hotcakes-2-pcs,https://d2vuyvo9qdtgo9.cloudfront.net/foods/October2023/jm0GYUcUqJZryNOTIhIw.webp,Sarapan Pagi
Hashbrown,https://www.mcdonalds.co.id/menu/hashbrown,https://d2vuyvo9qdtgo9.cloudfront.net/foods/October2023/CxinznSnispVQBobjtDt.webp,Sarapan Pagi
Nasi Uduk McD,https://www.mcdonalds.co.id/menu/nasi-uduk-mcd,https://d2vuyvo9qdtgo9.cloudfront.net/foods/October2023/uQSETIkvtYba9RVGHiGe.webp,Sarapan Pagi
Bubur Ayam McD,https://www.mcdonalds.co.id/menu/bubur-ayam-mcd,https://d2vuyvo9qdtgo9.cloudfront.net/foods/October2023/4HzEEvFji2YAKLwrXgXA.webp,Sarapan Pagi
Beef Prosperity Burger,https://www.mcdonalds.co.id/menu/beef-prosperity-burger,https://d2vuyvo9qdtgo9.cloudfront.net/foods/December2025/twyMt2e6uPUYlyAzY6ty.png,Sarapan Pagi
Double Beef Prosperity Burger,https://www.mcdonalds.co.id/menu/double-beef-prosperity-burger,https://d2vuyvo9qdtgo9.cloudfront.net/foods/December2025/PYDZHef1lDC5E1eMCniu.png,Sarapan Pagi
Big Mac®,https://www.mcdonalds.co.id/menu/big-mac,https://d2vuyvo9qdtgo9.cloudfront.net/foods/October2023/S2b8K7g2tM6cDksrAdVv.webp,Sarapan Pagi
Double Big Mac,https://www.mcdonalds.co.id/menu/double-big-mac,https://d2vuyvo9qdtgo9.cloudfront.net/foods/October2025/Bo5jfXo9zOAUzWnloVKt.webp,Sarapan Pagi
Triple Cheeseburger,https://www.mcdonalds.co.id/menu/triple-cheeseburger,https://d2vuyvo9qdtgo9.cloudfront.net/foods/October2023/juH9i1UfP50Ixlg106UP.webp,Sarapan Pagi
Double Cheeseburger,https://www.mcdonalds.co.id/menu/double-cheeseburger,https://d2vuyvo9qdtgo9.cloudfront.net/foods/October2023/KS7GAjWZbpEZzChSyibz.webp,Sarapan Pagi
Cheeseburger Deluxe,https://www.mcdonalds.co.id/menu/cheeseburger-deluxe,https://d2vuyvo9qdtgo9.cloudfront.net/foods/October2023/yw7nr8nNw9jR7EeifKs9.webp,Sarapan Pagi
Cheeseburger,https://www.mcdonalds.co.id/menu/cheeseburger,https://d2vuyvo9qdtgo9.cloudfront.net/foods/October2023/CSzGDTewk3JMiBAvWRxj.webp,Sarapan Pagi
Beef Burger Deluxe,https://www.mcdonalds.co.id/menu/beef-burger-deluxe,https://d2vuyvo9qdtgo9.cloudfront.net/foods/October2023/WXWUm8zeyLSXhnOZ7Oap.webp,Sarapan Pagi
Beef Burger,https://www.mcdonalds.co.id/menu/beef-burger,https://d2vuyvo9qdtgo9.cloudfront.net/foods/October2023/eY29naPEnSvHTZkUm6oq.webp,Sarapan Pagi
Paket HeBat - Beef Burger Deluxe,https://www.mcdonalds.co.id/menu/paket-hebat-beef-burger-deluxe,https://d2vuyvo9qdtgo9.cloudfront.net/foods/July2024/Od0aM1u2WwlUFkMz4s5H.png,Sarapan Pagi
Paket HeBat McSpaghetti,https://www.mcdonalds.co.id/menu/paket-hebat-mcspaghetti,https://d2vuyvo9qdtgo9.cloudfront.net/foods/December2025/r0xZQf4JcmPqizEKrEvd.webp,Sarapan Pagi
Chicken Prosperity Burger,https://www.mcdonalds.co.id/menu/chicken-prosperity-burger-1,https://d2vuyvo9qdtgo9.cloudfront.net/foods/December2025/bL07RAUe88njluAtPBnU.png,Sarapan Pagi
PaNas 1 Ayam McD Black Pepper,https://www.mcdonalds.co.id/menu/panas-1-ayam-mcd-black-pepper,https://d2vuyvo9qdtgo9.cloudfront.net/foods/December2025/TIv10rHn9dMF0t4pW2g3.png,Sarapan Pagi
Paket Ayam McD Black Pepper Spesial,https://www.mcdonalds.co.id/menu/paket-ayam-mcd-black-pepper-spesial,https://d2vuyvo9qdtgo9.cloudfront.net/foods/December2025/Ifj34Dq4vX5exr6h6utg.png,Sarapan Pagi
PaNas 2 Ayam McD Black Pepper,https://www.mcdonalds.co.id/menu/panas-2-ayam-mcd-black-pepper,https://d2vuyvo9qdtgo9.cloudfront.net/foods/December2025/IWwbUXLUVVBv3kRFeQNS.webp,Sarapan Pagi
PaNas 2 Fries Ayam McD Black Pepper,https://www.mcdonalds.co.id/menu/panas-2-fries-ayam-mcd-black-pepper,https://d2vuyvo9qdtgo9.cloudfront.net/foods/December2025/yZu9NtIwxFoMf3CXZhkd.png,Sarapan Pagi
PaMer 5 Ayam McD Black Pepper,https://www.mcdonalds.co.id/menu/pamer-5-ayam-mcd-black-pepper,https://d2vuyvo9qdtgo9.cloudfront.net/foods/December2025/uVZydIjORFQpwsMGKtqH.png,Sarapan Pagi
PaMer 7 Ayam McD Black Pepper,https://www.mcdonalds.co.id/menu/pamer-7-ayam-mcd-black-pepper,https://d2vuyvo9qdtgo9.cloudfront.net/foods/December2025/9JyVqBtC4lEnANtrY9Un.png,Sarapan Pagi
Paket HeBat - Chicken Burger Deluxe,https://www.mcdonalds.co.id/menu/paket-hebat-chicken-burger-deluxe,https://d2vuyvo9qdtgo9.cloudfront.net/foods/July2024/cLkDZAyReFLUzJGQ5OBi.png,Sarapan Pagi
Paket HeBat - Korean Soy Garlic Wings,https://www.mcdonalds.co.id/menu/paket-hebat-korean-soy-garlic-wings,https://d2vuyvo9qdtgo9.cloudfront.net/foods/July2024/Aa0hLHkYgf9janGvOoMT.png,Sarapan Pagi
Paket HeBat McSpaghetti Ayam McD (Krispy),https://www.mcdonalds.co.id/menu/paket-hebat-mcspaghetti-ayam-mcd-krispy,https://d2vuyvo9qdtgo9.cloudfront.net/foods/December2025/kxMceralJSNPUTUWXPA7.png,Sarapan Pagi
Paket HeBat McSpaghetti Ayam McD (Spicy),https://www.mcdonalds.co.id/menu/paket-hebat-mcspaghetti-ayam-mcd-spicy,https://d2vuyvo9qdtgo9.cloudfront.net/foods/December2025/UFvt4qHBda3GBYdDVAzc.png,Sarapan Pagi
Korean Soy Garlic Wings - A la Carte 6pcs,https://www.mcdonalds.co.id/menu/korean-soy-garlic-wings-a-la-carte-6pcs,https://d2vuyvo9qdtgo9.cloudfront.net/foods/January2024/VQCgCL4B1hTbvJTkWGJr.webp,Sarapan Pagi
PaNas Wings Korean Soy Garlic,https://www.mcdonalds.co.id/menu/panas-wings-korean-soy-garlic,https://d2vuyvo9qdtgo9.cloudfront.net/foods/January2024/SKpIEtxvjph5HAyhZEul.webp,Sarapan Pagi
Ayam Krispy McDonald's,https://www.mcdonalds.co.id/menu/ayam-krispy-mcdonalds,https://d2vuyvo9qdtgo9.cloudfront.net/foods/October2023/naEEY2DK99qNkcH9z2A1.webp,Sarapan Pagi
Ayam Spicy McDonald's,https://www.mcdonalds.co.id/menu/ayam-spicy-mcdonalds,https://d2vuyvo9qdtgo9.cloudfront.net/foods/October2023/OkOEg2VsTINmBazIzIUI.webp,Sarapan Pagi
PaNas 1,https://www.mcdonalds.co.id/menu/panas-1,https://d2vuyvo9qdtgo9.cloudfront.net/foods/October2023/zdp0LhOduHDNXVYWILMx.webp,Sarapan Pagi
PaNas 2 with Fries,https://www.mcdonalds.co.id/menu/panas-2-with-fries,https://d2vuyvo9qdtgo9.cloudfront.net/foods/October2023/UF2gdIf2F5V2J7T3OrmJ.webp,Sarapan Pagi
PaNas 2 with Rice,https://www.mcdonalds.co.id/menu/panas-2-with-rice,https://d2vuyvo9qdtgo9.cloudfront.net/foods/October2023/F5B8jt0X3XgWbd0hNJuK.webp,Sarapan Pagi
PaNas Spesial,https://www.mcdonalds.co.id/menu/panas-spesial,https://d2vuyvo9qdtgo9.cloudfront.net/foods/October2023/Mdfc31HLjuorHac10yKX.webp,Sarapan Pagi
PaMer 5,https://www.mcdonalds.co.id/menu/pamer-5,https://d2vuyvo9qdtgo9.cloudfront.net/foods/October2023/FFiKww17L02iCS5zt6wu.webp,Sarapan Pagi
PaMer 7,https://www.mcdonalds.co.id/menu/pamer-7,https://d2vuyvo9qdtgo9.cloudfront.net/foods/October2023/UsNMfIxcPrL0HU0I85uy.webp,Sarapan Pagi
Chicken Burger Deluxe,https://www.mcdonalds.co.id/menu/chicken-burger-deluxe,https://d2vuyvo9qdtgo9.cloudfront.net/foods/October2023/oFmaq8K5ZygDUbtdulJL.webp,Sarapan Pagi
Chicken Burger,https://www.mcdonalds.co.id/menu/chicken-burger,https://d2vuyvo9qdtgo9.cloudfront.net/foods/October2023/q37X03Mb7vOsvq7O7OcM.webp,Sarapan Pagi
McSpicy™,https://www.mcdonalds.co.id/menu/mcspicy,https://d2vuyvo9qdtgo9.cloudfront.net/foods/November2023/AABttNcZpf9MuneG7NPp.webp,Sarapan Pagi
McNuggets®,https://www.mcdonalds.co.id/menu/mcnuggets,https://d2vuyvo9qdtgo9.cloudfront.net/foods/October2023/ce7g1MMi3D7YNWGH3iuK.webp,Sarapan Pagi
Chicken Snack Wrap,https://www.mcdonalds.co.id/menu/chicken-snack-wrap,https://d2vuyvo9qdtgo9.cloudfront.net/foods/October2023/JgMay1vJ7ADUmZR9vVht.webp,Sarapan Pagi
Spicy Chicken Bites,https://www.mcdonalds.co.id/menu/spicy-chicken-bites,https://d2vuyvo9qdtgo9.cloudfront.net/foods/October2023/a6IXmdsYgfJhoYRuvqIo.webp,Sarapan Pagi
Fish Fillet Burger,https://www.mcdonalds.co.id/menu/fish-fillet-burger,https://d2vuyvo9qdtgo9.cloudfront.net/foods/October2023/Mo8OTCSNqjJ98BmPBhR5.webp,Sarapan Pagi
Fruit Tea Lemon,https://www.mcdonalds.co.id/menu/fruit-tea-lemon,https://d2vuyvo9qdtgo9.cloudfront.net/foods/November2024/4lHeMcIbcd1jktvLnDNc.png,Sarapan Pagi
Coca-Cola,https://www.mcdonalds.co.id/menu/coca-cola,https://d2vuyvo9qdtgo9.cloudfront.net/foods/November2024/yfd4K64qUgIrzn7ghwA7.png,Sarapan Pagi
Coca-Cola Zero Sugar,https://www.mcdonalds.co.id/menu/coca-cola-zero-sugar,https://d2vuyvo9qdtgo9.cloudfront.net/foods/October2025/Rp5QVMHK9IZZVAcxXimx.webp,Sarapan Pagi
Sprite,https://www.mcdonalds.co.id/menu/sprite,https://d2vuyvo9qdtgo9.cloudfront.net/foods/November2024/1Wj23TikTSWCO9cFd4Iy.png,Sarapan Pagi
Fanta,https://www.mcdonalds.co.id/menu/fanta,https://d2vuyvo9qdtgo9.cloudfront.net/foods/November2024/tWrJVxfnfwjTPPA4zhEy.png,Sarapan Pagi
Coca-Cola McFloat,https://www.mcdonalds.co.id/menu/coca-cola-mcfloat,https://d2vuyvo9qdtgo9.cloudfront.net/foods/October2023/xio5G2rAIFfvOoOe6CXY.webp,Sarapan Pagi
Fanta McFloat,https://www.mcdonalds.co.id/menu/fanta-mcfloat,https://d2vuyvo9qdtgo9.cloudfront.net/foods/October2023/zxt7CxP7JkXqZI83b32H.webp,Sarapan Pagi
Tehbotol Sosro Tawar,https://www.mcdonalds.co.id/menu/tehbotol-sosro-tawar,https://d2vuyvo9qdtgo9.cloudfront.net/foods/October2023/ci9amN6LR3yWdD3MwBkZ.webp,Sarapan Pagi
Iced Milo,https://www.mcdonalds.co.id/menu/iced-milo,https://d2vuyvo9qdtgo9.cloudfront.net/foods/November2024/zpgsirdZCvIkNn5Lm44k.png,Sarapan Pagi
Iced Lychee Tea,https://www.mcdonalds.co.id/menu/iced-lychee-tea,https://d2vuyvo9qdtgo9.cloudfront.net/foods/October2023/k887tfMo8ru7ERq871nx.webp,Sarapan Pagi
Iced Coffee Jelly Float,https://www.mcdonalds.co.id/menu/iced-coffee-jelly-float,https://d2vuyvo9qdtgo9.cloudfront.net/foods/October2023/58CrpweDsMU48KS6vUFP.webp,Sarapan Pagi
Iced Coffee Float,https://www.mcdonalds.co.id/menu/iced-coffee-float,https://d2vuyvo9qdtgo9.cloudfront.net/foods/October2023/CNGXIKbcIPXuotGgUemQ.webp,Sarapan Pagi
Iced Coffee Jelly,https://www.mcdonalds.co.id/menu/iced-coffee-jelly,https://d2vuyvo9qdtgo9.cloudfront.net/foods/October2023/D3EtNAYstmzWbjXc8FNb.webp,Sarapan Pagi
Iced Coffee,https://www.mcdonalds.co.id/menu/iced-coffee,https://d2vuyvo9qdtgo9.cloudfront.net/foods/October2023/qqUt7Skv42a6EG1AWzYA.webp,Sarapan Pagi
Tehbotol Sosro,https://www.mcdonalds.co.id/menu/tehbotol-sosro,https://d2vuyvo9qdtgo9.cloudfront.net/foods/October2023/daO8PblKsFrO58VqlsAV.webp,Sarapan Pagi
Tehbotol Sosro Kotak,https://www.mcdonalds.co.id/menu/tehbotol-sosro-kotak,https://d2vuyvo9qdtgo9.cloudfront.net/foods/October2023/ZkS78AVwvCdwPKHkESQl.webp,Sarapan Pagi
Fruit Tea Blackcurrant,https://www.mcdonalds.co.id/menu/fruit-tea-blackcurrant,https://d2vuyvo9qdtgo9.cloudfront.net/foods/October2023/RxsJZySsIFI6hzsXVNkO.webp,Sarapan Pagi
Mineral Water Prim-a,https://www.mcdonalds.co.id/menu/mineral-water-prim-a,https://d2vuyvo9qdtgo9.cloudfront.net/foods/July2024/cQtKXwFsTEw8xBo6sknZ.png,Sarapan Pagi
Hot Coffee,https://www.mcdonalds.co.id/menu/hot-coffee,https://d2vuyvo9qdtgo9.cloudfront.net/foods/October2023/lKvruuqIq0mpA4A22qZb.webp,Sarapan Pagi
Hot Tea,https://www.mcdonalds.co.id/menu/hot-tea,https://d2vuyvo9qdtgo9.cloudfront.net/foods/July2024/AK5pChXFq8QnGv1ZXlXa.png,Sarapan Pagi
Mix Berries With Froot Loops,https://www.mcdonalds.co.id/menu/mix-berries-with-froot-loops,https://d2vuyvo9qdtgo9.cloudfront.net/foods/October2025/Txrjkyai4QBOWRothOei.webp,Sarapan Pagi
Mix Berries With OREO,https://www.mcdonalds.co.id/menu/mix-berries-with-oreo,https://d2vuyvo9qdtgo9.cloudfront.net/foods/October2025/PRTfM8NjVIF0Xx3qHg9u.webp,Sarapan Pagi
Pink Top Black Cone,https://www.mcdonalds.co.id/menu/pink-top-black-cone-1,https://d2vuyvo9qdtgo9.cloudfront.net/foods/October2025/dM5jhm1IJSSzE8xMAR78.png,Sarapan Pagi
Pink Top Black Cone,https://www.mcdonalds.co.id/menu/pink-top-black-cone,https://d2vuyvo9qdtgo9.cloudfront.net/foods/October2025/vXs6Ij5Bwi1KHRKIQM5M.webp,Sarapan Pagi
Chocolate Strawberry Sundae,https://www.mcdonalds.co.id/menu/chocolate-strawberry-sundae,https://d2vuyvo9qdtgo9.cloudfront.net/foods/August2025/wEqV7rMBRaecZRF9PfBH.png,Sarapan Pagi
Double Choco Sundae,https://www.mcdonalds.co.id/menu/double-choco-sundae,https://d2vuyvo9qdtgo9.cloudfront.net/foods/August2025/0MhmKMSzKmXwLnfoK6zJ.png,Sarapan Pagi
Ice Cream Cone Cokelat Twist,https://www.mcdonalds.co.id/menu/ice-cream-cone-cokelat-twist,https://d2vuyvo9qdtgo9.cloudfront.net/foods/April2024/NoboirX8LZI1EHo4HZFi.png,Sarapan Pagi
Ice Cream Cone Cokelat,https://www.mcdonalds.co.id/menu/ice-cream-cone-cokelat,https://d2vuyvo9qdtgo9.cloudfront.net/foods/April2024/eeMtDiWSQgDFw87SBsUg.png,Sarapan Pagi
Apple Pie,https://www.mcdonalds.co.id/menu/apple-pie,https://d2vuyvo9qdtgo9.cloudfront.net/foods/October2023/2v6BKJsgRnFGxv7iBQb6.webp,Sarapan Pagi
McFlurry feat. OREO,https://www.mcdonalds.co.id/menu/mcflurry-feat-oreo,https://d2vuyvo9qdtgo9.cloudfront.net/foods/October2023/FDl81RM1TWZlsJEmONK0.webp,Sarapan Pagi
McFlurry Choco,https://www.mcdonalds.co.id/menu/mcflurry-choco,https://d2vuyvo9qdtgo9.cloudfront.net/foods/October2023/j89rYSvFrMsadNcnkXNm.webp,Sarapan Pagi
Strawberry Sundae,https://www.mcdonalds.co.id/menu/strawberry-sundae,https://d2vuyvo9qdtgo9.cloudfront.net/foods/August2025/H6R6fcsVR0IR00jqzqAB.png,Sarapan Pagi
Chocolate Sundae,https://www.mcdonalds.co.id/menu/chocolate-sundae,https://d2vuyvo9qdtgo9.cloudfront.net/foods/August2025/e5i9QICKtNfNUOwlaLkt.png,Sarapan Pagi
Ice Cream Cone,https://www.mcdonalds.co.id/menu/ice-cream-cone,https://d2vuyvo9qdtgo9.cloudfront.net/foods/August2019/eO8BGkwAqrXH7y0MYJ3K.png,Sarapan Pagi
Happy Meal 4 pcs McNuggets®,https://www.mcdonalds.co.id/menu/happy-meal-4-pcs-mcnuggets,https://d2vuyvo9qdtgo9.cloudfront.net/foods/November2023/4el9aA1delRrNDQJmkfu.webp,Sarapan Pagi
Happy Meal Ayam McD,https://www.mcdonalds.co.id/menu/happy-meal-ayam-mcd,https://d2vuyvo9qdtgo9.cloudfront.net/foods/November2023/rrSbsA19feoVPCoo7el9.webp,Sarapan Pagi
Happy Meal Beef Burger,https://www.mcdonalds.co.id/menu/happy-meal-beef-burger,https://d2vuyvo9qdtgo9.cloudfront.net/foods/November2023/yH7MhOTI1NYS8dT2dSZU.webp,Sarapan Pagi
Affogato,https://www.mcdonalds.co.id/menu/affogato,https://d2vuyvo9qdtgo9.cloudfront.net/foods/November2023/4ZjBuwFptbmhCyJqUIX6.webp,Sarapan Pagi
Matchagato,https://www.mcdonalds.co.id/menu/matchagato,https://d2vuyvo9qdtgo9.cloudfront.net/foods/November2023/uV8M7PDkMlayEpZAQFkB.webp,Sarapan Pagi
Chocogato,https://www.mcdonalds.co.id/menu/chocogato,https://d2vuyvo9qdtgo9.cloudfront.net/foods/November2023/O3P6XrnsEoFvBFMreJSW.webp,Sarapan Pagi
Hot Matcha Latte,https://www.mcdonalds.co.id/menu/hot-matcha-latte,https://d2vuyvo9qdtgo9.cloudfront.net/foods/November2023/Ll5K4M3UM6AM27AotnXk.webp,Sarapan Pagi
Iced Matcha Latte,https://www.mcdonalds.co.id/menu/iced-matcha-latte,https://d2vuyvo9qdtgo9.cloudfront.net/foods/November2023/CqZ6XFK8I7niiIXKue7r.webp,Sarapan Pagi
Iced Café Matcha Fushion,https://www.mcdonalds.co.id/menu/iced-cafe-matcha-fushion,https://d2vuyvo9qdtgo9.cloudfront.net/foods/November2023/EDxYwvE958RX4d5POgUF.webp,Sarapan Pagi
Matcha Frappe,https://www.mcdonalds.co.id/menu/matcha-frappe,https://d2vuyvo9qdtgo9.cloudfront.net/foods/November2023/SpdivZSY4Uv1Hz4vbnUZ.webp,Sarapan Pagi
Tasseo Lemon Grass,https://www.mcdonalds.co.id/menu/tasseo-lemon-grass,https://d2vuyvo9qdtgo9.cloudfront.net/foods/November2023/GqJ1V0SdmlsGDv7Cz16N.webp,Sarapan Pagi
Tasseo Java Jasmine,https://www.mcdonalds.co.id/menu/tasseo-java-jasmine,https://d2vuyvo9qdtgo9.cloudfront.net/foods/November2023/m5qrEbGgiHqglLhTBIAb.webp,Sarapan Pagi
Tasseo Pure Green,https://www.mcdonalds.co.id/menu/tasseo-pure-green,https://d2vuyvo9qdtgo9.cloudfront.net/foods/November2023/eB5u5zvq8yEzj3HKPK48.webp,Sarapan Pagi
Espresso,https://www.mcdonalds.co.id/menu/espresso,https://d2vuyvo9qdtgo9.cloudfront.net/foods/November2023/QEpdcqn5QRnjlhgmeBfc.webp,Sarapan Pagi
Macchiato,https://www.mcdonalds.co.id/menu/macchiato,https://d2vuyvo9qdtgo9.cloudfront.net/foods/November2023/zCnERTW78bf4cYib8PW1.webp,Sarapan Pagi
Long Black Coffee,https://www.mcdonalds.co.id/menu/long-black-coffee,https://d2vuyvo9qdtgo9.cloudfront.net/foods/November2023/YBdL4pcPJbOTZG59cnIq.webp,Sarapan Pagi
Flat White,https://www.mcdonalds.co.id/menu/flat-white,https://d2vuyvo9qdtgo9.cloudfront.net/foods/November2023/Bol3naRgtOd3NPiJFVSc.webp,Sarapan Pagi
Caffe Latte,https://www.mcdonalds.co.id/menu/caffe-latte,https://d2vuyvo9qdtgo9.cloudfront.net/foods/November2023/BI01NSyDPIpNf2Gl3CMs.webp,Sarapan Pagi
Cappuccino,https://www.mcdonalds.co.id/menu/cappuccino,https://d2vuyvo9qdtgo9.cloudfront.net/foods/November2023/jY3TEYDj97AvV4eTRFeL.webp,Sarapan Pagi
Hot Chocolate,https://www.mcdonalds.co.id/menu/hot-chocolate,https://d2vuyvo9qdtgo9.cloudfront.net/foods/November2023/NMRZuGRg9F3Yx27RsmqN.webp,Sarapan Pagi
Hazelnut Latte,https://www.mcdonalds.co.id/menu/hazelnut-latte,https://d2vuyvo9qdtgo9.cloudfront.net/foods/November2023/uW6pzEUzeS1YvpuJoKbU.webp,Sarapan Pagi
Mocha Latte,https://www.mcdonalds.co.id/menu/mocha-latte,https://d2vuyvo9qdtgo9.cloudfront.net/foods/November2023/GDTosKy8MiwvPQ6xZZT9.webp,Sarapan Pagi
Vienna,https://www.mcdonalds.co.id/menu/vienna,https://d2vuyvo9qdtgo9.cloudfront.net/foods/November2023/51WBR0BOYCUFsBNzyqB2.webp,Sarapan Pagi
Caramel Latte,https://www.mcdonalds.co.id/menu/caramel-latte,https://d2vuyvo9qdtgo9.cloudfront.net/foods/November2023/HGWVamZKsjS7qWt0MYWs.webp,Sarapan Pagi
Vanilla Latte,https://www.mcdonalds.co.id/menu/vanilla-latte,https://d2vuyvo9qdtgo9.cloudfront.net/foods/November2023/XrisqHbqJN3iCajNvs3O.webp,Sarapan Pagi
Iced Cafe Latte,https://www.mcdonalds.co.id/menu/iced-cafe-latte,https://d2vuyvo9qdtgo9.cloudfront.net/foods/November2023/8jCjXDO0RMxe59BSMsfp.webp,Sarapan Pagi
Iced Cappuccino,https://www.mcdonalds.co.id/menu/iced-cappuccino,https://d2vuyvo9qdtgo9.cloudfront.net/foods/November2023/SG3eenb01SRwPBA9qK9W.webp,Sarapan Pagi
Iced Chocolate,https://www.mcdonalds.co.id/menu/iced-chocolate,https://d2vuyvo9qdtgo9.cloudfront.net/foods/March2024/Gy8AYJlUDt4S2UR8pE4m.webp,Sarapan Pagi
Iced Caramel Latte,https://www.mcdonalds.co.id/menu/iced-caramel-latte,https://d2vuyvo9qdtgo9.cloudfront.net/foods/November2023/yKf55WdAVWd3hHEnxebf.webp,Sarapan Pagi
Iced Vanilla Latte,https://www.mcdonalds.co.id/menu/iced-vanilla-latte,https://d2vuyvo9qdtgo9.cloudfront.net/foods/November2023/hwoh95Hebkfngy0HQXob.webp,Sarapan Pagi
Iced Hazelnut Latte,https://www.mcdonalds.co.id/menu/iced-hazelnut-latte,https://d2vuyvo9qdtgo9.cloudfront.net/foods/November2023/c5p1Aho5Ba5tN9bJOhP9.webp,Sarapan Pagi
Latte Frappe,https://www.mcdonalds.co.id/menu/latte-frappe,https://d2vuyvo9qdtgo9.cloudfront.net/foods/November2023/Uih3O5gF85oOm7rD9EcL.webp,Sarapan Pagi
Mocha Frappe,https://www.mcdonalds.co.id/menu/mocha-frappe,https://d2vuyvo9qdtgo9.cloudfront.net/foods/November2023/eqLiK6Pm57xR15w535oc.webp,Sarapan Pagi
Choco Frappe,https://www.mcdonalds.co.id/menu/choco-frappe,https://d2vuyvo9qdtgo9.cloudfront.net/foods/November2023/1cMluOnsL7bEcMbl378D.webp,Sarapan Pagi
Hazelnut Frappe,https://www.mcdonalds.co.id/menu/hazelnut-frappe,https://d2vuyvo9qdtgo9.cloudfront.net/foods/November2023/31LSp2avFFqisNK91uvZ.webp,Sarapan Pagi
Mango Frappe,https://www.mcdonalds.co.id/menu/mango-frappe,https://d2vuyvo9qdtgo9.cloudfront.net/foods/November2023/glPuoPU9NsV1b8DchCaP.webp,Sarapan Pagi
Cheese Stick,https://www.mcdonalds.co.id/menu/cheese-stick,https://d2vuyvo9qdtgo9.cloudfront.net/foods/November2023/9cryH7GthdOzRFDTKTD7.webp,Sarapan Pagi
Banana Muffin,https://www.mcdonalds.co.id/menu/banana-muffin,https://d2vuyvo9qdtgo9.cloudfront.net/foods/November2023/oMnBXD7ZdSWWOqp48dZ4.webp,Sarapan Pagi
Choco Chip Muffin,https://www.mcdonalds.co.id/menu/choco-chip-muffin,https://d2vuyvo9qdtgo9.cloudfront.net/foods/November2023/fjL3RMZGBiLU60prFJvq.webp,Sarapan Pagi
Cheese Croissant,https://www.mcdonalds.co.id/menu/cheese-croissant,https://d2vuyvo9qdtgo9.cloudfront.net/foods/November2023/5Z7lvoYOioIKzAbbQPT5.webp,Sarapan Pagi
Tuna Puff Pastry,https://www.mcdonalds.co.id/menu/tuna-puff-pastry,https://d2vuyvo9qdtgo9.cloudfront.net/foods/November2023/Zs6YV7fSav6L69dbLp4g.webp,Sarapan Pagi
Choco Lover,https://www.mcdonalds.co.id/menu/choco-lover,https://d2vuyvo9qdtgo9.cloudfront.net/foods/November2023/7wqaQa9bsKjsS5BifRP4.webp,Sarapan Pagi
Klepon Cake,https://www.mcdonalds.co.id/menu/klepon-cake,https://d2vuyvo9qdtgo9.cloudfront.net/foods/November2023/0dfZFZHn8SHSTLCtFisB.webp,Sarapan Pagi
French Fries,https://www.mcdonalds.co.id/menu/french-fries,https://d2vuyvo9qdtgo9.cloudfront.net/foods/November2023/3t5navlXGbepANigzlmu.webp,Sarapan Pagi
Sweet Corn,https://www.mcdonalds.co.id/menu/sweet-corn,https://d2vuyvo9qdtgo9.cloudfront.net/foods/November2023/3AuaRfU6UkkANxV1xS4l.webp,Sarapan Pagi
McSpaghetti,https://www.mcdonalds.co.id/menu/mcspaghetti,https://d2vuyvo9qdtgo9.cloudfront.net/foods/December2025/ksEMQTT4GbYR2JBeGPJ2.png,Sarapan Pagi
Curly Fries,https://www.mcdonalds.co.id/menu/curly-fries,https://d2vuyvo9qdtgo9.cloudfront.net/foods/December2025/iaadcOjeJ3ntveNu4b0C.png,Sarapan Pagi
